id,value
0,0.0
1,0.0
2,0.0
3,6.2814207
4,0.0
5,0.0
6,0.0
7,1.201772
8,0.0
9,0.0
10,0.41687155
11,0.0
12,0.0
13,5.00704
14,0.0
15,0.0
16,0.0
17,7.289454
18,0.0
19,6.196144
20,0.0
21,0.0
22,4.6029816
23,4.2794576
24,0.0
25,2.0493884
26,0.0
27,0.0
28,0.0
29,0.0
30,0.0
31,7.3446894
32,0.91910833
33,0.0
34,0.0
35,0.0
36,0.0
37,0.0
38,0.0
39,0.0
40,0.0
41,0.0
42,0.0
43,0.0
44,0.0
45,0.0
46,14.901468
47,0.0
48,0.0
49,3.6793633
50,0.0
51,0.0
52,0.0
53,0.0
54,0.0
55,0.0
56,0.96355754
57,0.0
58,0.0
59,0.0
60,0.0
61,0.0
62,0.0
63,0.0
64,0.0
65,11.124555
66,18.843464
67,0.0
68,0.0
69,0.0
70,0.0
71,0.0
72,0.0
73,9.446345
74,0.0
75,0.0
76,0.0
77,0.0
78,0.0
79,2.5498042
80,0.0
81,0.0
82,0.0
83,0.0
84,0.0
85,0.0
86,22.411356
87,0.0
88,0.0
89,12.200162
90,0.0
91,27.348536
92,0.0
93,12.946544
94,0.0
95,0.0
96,9.913399
97,0.0
98,0.0
99,2.260085
100,0.0
101,0.0
102,0.0
103,0.0
104,0.0
105,19.93759
106,0.0
107,0.0
108,0.0
109,0.0
110,0.0
111,0.0
112,0.0
113,0.0
114,0.0
115,0.0
116,3.002074
117,0.0
118,0.27064487
119,17.532831
120,0.0
121,0.0
122,0.0
123,0.0
124,0.0
125,0.0
126,0.0
127,0.0
128,0.0
129,0.0
130,3.5235603
131,0.0
132,0.0
133,0.0
134,12.233532
135,0.0
136,0.0
137,0.0
138,0.0
139,0.0
140,14.411469
141,24.336296
142,16.113686
143,6.9312525
144,0.0
145,11.732391
146,0.0
147,0.0
148,0.0
149,0.0
150,0.0
151,0.0
152,0.0
153,0.0
154,0.0
155,0.0
156,0.0
157,0.44360623
158,1.1545783
159,4.8902597
160,0.0
161,0.0
162,0.0
163,4.3974547
164,0.0
165,0.8950212
166,0.0
167,0.0
168,0.0
169,0.0
170,7.089738
171,0.0
172,11.549939
173,14.628624
174,0.0
175,0.0
176,0.0
177,0.0
178,0.0
179,0.0
180,0.0
181,0.0
182,0.0
183,7.312702
184,0.0
185,0.0
186,0.0
187,0.0
188,10.155011
189,0.0
190,2.78903
191,0.0
192,0.0
193,0.0
194,0.0
195,0.0
196,0.0
197,0.0
198,0.0
199,0.0
200,0.0
201,18.893026
202,0.0
203,0.0
204,0.0
205,0.0
206,0.0
207,5.0989785
208,6.38293
209,0.0
210,8.979414
211,0.0
212,7.8659506
213,0.0
214,2.5076387
215,0.0
216,0.0
217,0.0
218,2.5739295
219,0.0
220,6.1569576
221,5.7500815
222,0.0
223,0.0
224,8.670066
225,0.0
226,0.0
227,0.5269746
228,0.0
229,4.8362556
230,0.0
231,0.0
232,0.0
233,3.9129727
234,0.0
235,0.0
236,7.2081065
237,7.693004
238,0.0
239,0.0
240,0.0
241,0.0
242,0.0
243,0.0
244,0.0
245,0.0
246,0.0
247,7.4179907
248,0.0
249,0.0
250,6.3132234
251,0.0
252,0.0
253,0.0
254,0.0
255,0.0
256,0.0
257,4.58337
258,0.0
259,3.6810582
260,0.0
261,0.0
262,15.860996
263,0.0
264,0.0
265,0.0
266,3.57054
267,7.2588153
268,8.621671
269,0.0
270,0.46820325
271,12.772695
272,0.0
273,0.0
274,0.0
275,0.0
276,0.0
277,4.3072543
278,0.0
279,0.0
280,0.0
281,0.0
282,0.0
283,0.0
284,0.0
285,0.0
286,0.0
287,0.0
288,0.0
289,1.1762667
290,0.0
291,0.0
292,0.0
293,0.0
294,10.748964
295,0.0
296,0.0
297,0.0
298,0.0
299,0.0
300,0.0
301,0.0
302,0.0
303,0.0
304,3.7921627
305,0.0
306,0.0
307,0.0
308,0.0
309,4.4577026
310,0.0
311,0.0
312,0.0
313,0.0
314,0.0
315,0.0
316,0.0
317,0.0
318,0.0
319,0.0
320,9.776971
321,24.089148
322,0.0
323,0.0
324,0.0
325,0.0
326,3.082805
327,16.26973
328,0.0
329,0.0
330,8.851839
331,0.0
332,0.0
333,0.64982325
334,0.0
335,0.0
336,10.790051
337,0.0
338,0.0
339,0.0
340,0.0
341,0.0
342,0.0
343,0.0
344,0.0
345,3.9888852
346,0.0
347,0.0
348,0.0
349,2.8901567
350,0.0
351,23.066824
352,0.0
353,0.0
354,1.6994905
355,0.0
356,0.0
357,0.0
358,0.0
359,3.9901214
360,0.0
361,0.0
362,19.482248
363,0.0
364,7.5962873
365,6.4929013
366,0.0
367,10.391052
368,0.0
369,0.0
370,0.0
371,0.0
372,5.521611
373,3.212951
374,0.0
375,0.0
376,0.0
377,0.0
378,16.591137
379,0.0
380,0.0
381,10.2990055
382,0.0
383,0.0
384,0.0
385,0.0
386,0.0
387,0.0
388,0.0
389,0.0
390,0.0
391,0.0
392,0.0
393,0.0
394,2.4620042
395,0.0
396,0.0
397,0.0
398,0.0
399,0.0
400,0.0
401,6.5370145
402,20.720667
403,0.0
404,0.0
405,0.0
406,0.0
407,18.999304
408,0.0
409,0.0
410,11.813612
411,0.0
412,0.0
413,21.185848
414,0.0
415,0.0
416,0.0
417,0.0
418,0.0
419,0.0
420,4.528452
421,0.0
422,0.0
423,0.0
424,0.0
425,9.70343
426,0.0
427,0.0
428,0.0
429,0.0
430,1.1513038
431,0.0
432,0.0
433,0.0
434,0.0
435,0.0
436,3.135283
437,0.0
438,3.1350236
439,0.0
440,3.7560766
441,0.0
442,0.0
443,0.0
444,0.0
445,0.0
446,0.0
447,0.0
448,0.0
449,0.0
450,0.0
451,0.0
452,0.0
453,0.0
454,0.0
455,0.0
456,0.0
457,0.0
458,0.0
459,0.0
460,0.0
461,0.0
462,0.0
463,0.0
464,0.0
465,0.0
466,0.0
467,0.0
468,10.346281
469,0.0
470,0.0
471,0.0
472,4.856208
473,0.0
474,8.280526
475,0.0
476,0.0
477,0.0
478,0.0
479,0.0
480,0.0
481,1.3983499
482,0.0
483,0.0
484,0.0
485,19.190817
486,0.0
487,0.0
488,0.0
489,0.0
490,0.0
491,0.0
492,6.137395
493,0.0
494,0.0
495,4.696759
496,0.0
497,1.6186212
498,15.344108
499,0.0
500,0.0
501,2.0542696
502,2.0996053
503,5.375159
504,0.0
505,0.0
506,0.0
507,2.477972
508,0.0
509,0.0
510,4.988504
511,0.0
512,0.0
513,0.0
514,0.0
515,0.0
516,0.0
517,0.0
518,0.7794783
519,0.0
520,17.681784
521,0.0
522,0.98750997
523,0.0
524,0.0
525,0.0
526,8.799234
527,0.0
528,0.0
529,18.019825
530,0.0
531,0.0
532,0.0
533,0.0
534,0.0
535,0.0
536,0.0
537,0.0
538,1.5989908
539,0.0
540,8.70946
541,3.438839
542,0.0
543,0.0
544,0.0
545,0.0
546,0.0
547,6.4746313
548,0.0
549,0.0
550,4.36776
551,0.0
552,0.0
553,22.349277
554,8.688256
555,13.125589
556,0.0
557,0.0
558,11.418876
559,0.0
560,0.0
561,0.0
562,0.0
563,0.0
564,0.0
565,7.5186334
566,13.5111065
567,2.752793
568,2.3684413
569,33.383045
570,13.165724
571,0.0
572,0.0
573,19.705782
574,0.0
575,2.0108056
576,11.110629
577,0.0
578,0.0
579,0.0
580,0.0
581,0.0
582,8.520028
583,12.006915
584,0.0
585,0.0
586,0.0
587,0.0
588,0.0
589,7.013491
590,0.0
591,0.0
592,0.0
593,0.0
594,0.0
595,0.0
596,0.0
597,0.0
598,0.0
599,12.24664
600,5.18025
601,0.0
602,0.0
603,12.770507
604,0.0
605,0.0
606,4.8107247
607,0.0
608,0.0
609,0.0
610,0.0
611,0.0
612,5.258254
613,4.4119554
614,6.180045
615,0.0
616,0.0
617,0.0
618,0.0
619,17.961342
620,3.8179126
621,0.0
622,0.0
623,4.0867915
624,0.0
625,0.0
626,5.220656
627,0.0
628,13.803759
629,0.0
630,0.0
631,1.4501172
632,0.0
633,0.0
634,4.9433665
635,4.0907555
636,0.0
637,0.0
638,0.0
639,0.0
640,0.0
641,0.0
642,0.0
643,0.0
644,0.0
645,0.0
646,0.0
647,0.0
648,0.0
649,0.0
650,0.0
651,0.0
652,8.972339
653,0.0
654,0.0
655,0.0
656,0.0
657,0.0
658,0.0
659,17.457726
660,0.0
661,0.0
662,0.0
663,0.0
664,0.0
665,0.0
666,0.0
667,0.0
668,0.9024751
669,3.740437
670,0.0
671,0.0
672,0.0
673,0.0
674,0.0
675,0.0
676,0.0
677,3.2244143
678,0.0
679,7.916055
680,0.0
681,0.0
682,3.1134531
683,2.5458086
684,0.0
685,1.1865833
686,0.0
687,13.641606
688,0.0
689,0.57729816
690,0.0
691,0.0
692,0.0
693,0.0
694,0.0
695,23.323692
696,0.0
697,0.0
698,0.0
699,0.0
700,1.4018799
701,4.2804937
702,0.0
703,0.0
704,2.2251294
705,0.0
706,0.0
707,0.0
708,0.0
709,0.0
710,0.0
711,0.0
712,16.150478
713,0.0
714,0.0
715,2.9265687
716,0.0
717,4.826578
718,0.0
719,1.4921019
720,0.0
721,0.0
722,6.653911
723,0.0
724,0.0
725,1.2588055
726,8.344776
727,0.0
728,0.0
729,0.0
730,0.0
731,1.1181296
732,5.4849567
733,0.0
734,0.0
735,0.0
736,0.0
737,0.0
738,19.644365
739,22.78185
740,15.751867
741,0.0
742,0.0
743,0.0
744,0.0
745,0.0
746,0.0
747,18.90991
748,0.0
749,0.0
750,0.0
751,0.0
752,0.0
753,0.0
754,25.874472
755,0.0
756,0.0
757,0.0
758,0.0
759,0.0
760,0.0
761,0.0
762,0.0
763,0.0
764,0.0
765,0.0
766,0.0
767,1.1782935
768,9.924819
769,0.0
770,9.275769
771,0.0
772,0.0
773,0.0
774,1.560922
775,0.0
776,0.0
777,1.5889617
778,0.0
779,0.0
780,0.0
781,8.795009
782,0.0
783,0.0
784,0.0
785,0.0
786,0.0
787,0.0
788,18.679104
789,0.0
790,0.0
791,3.5441024
792,2.0934136
793,0.0
794,3.2311387
795,1.5963794
796,0.0
797,0.0
798,0.0
799,20.06961
800,10.79616
801,0.0
802,0.0
803,7.608508
804,8.375389
805,17.02803
806,0.0
807,0.0
808,2.0223846
809,0.0
810,0.0
811,16.480425
812,0.0
813,0.0
814,0.0
815,0.0
816,0.0
817,0.0
818,0.0
819,0.0
820,0.0
821,0.0
822,0.0
823,0.0
824,0.21927838
825,0.0
826,5.5166636
827,0.0
828,5.3299975
829,0.0
830,2.1201308
831,0.0
832,3.3113947
833,5.557926
834,0.0
835,0.0
836,4.312373
837,0.0
838,18.659262
839,3.1579568
840,0.0
841,0.0
842,0.0
843,2.9087489
844,0.5645931
845,3.4499552
846,0.03269674
847,9.513675
848,2.8306074
849,0.0
850,0.0
851,0.0
852,0.0
853,0.0
854,0.0
855,0.0
856,25.80397
857,0.0
858,0.0
859,0.0
860,9.626299
861,0.0
862,0.0
863,7.6418967
864,0.0
865,12.687239
866,0.0
867,0.0
868,0.0
869,5.4957094
870,0.0
871,0.0
872,0.59726924
873,0.0
874,4.1016693
875,1.9271519
876,1.2294497
877,0.0
878,0.0
879,10.039067
880,0.0
881,0.0
882,0.0
883,0.0
884,0.8710806
885,0.0
886,6.270847
887,0.0
888,0.0
889,0.0
890,0.0
891,0.0
892,0.0
893,1.4138582
894,0.0
895,0.0
896,0.0
897,0.0
898,0.39272246
899,0.0
900,0.0
901,0.0
902,2.061542
903,0.0
904,1.1679162
905,3.4159057
906,0.0
907,0.0
908,0.0
909,0.0
910,0.0
911,0.0
912,0.0
913,0.0
914,0.0
915,0.0
916,0.0
917,0.0
918,0.0
919,0.0
920,0.0
921,0.0
922,0.0
923,3.0155878
924,0.0
925,0.0
926,0.0
927,0.0
928,0.0
929,0.0
930,0.0
931,0.0
932,0.0
933,0.0
934,17.167038
935,0.0
936,4.857132
937,0.0
938,0.0
939,13.641212
940,15.474199
941,1.9156897
942,0.0
943,8.891945
944,6.702145
945,3.7050912
946,0.0
947,7.235118
948,0.0
949,1.429526
950,0.0
951,0.0
952,0.0
953,0.0
954,14.071182
955,0.0
956,3.5360985
957,6.145134
958,0.0
959,0.0
960,0.0
961,0.0
962,0.0
963,7.9379168
964,0.0
965,0.0
966,0.0
967,0.0
968,0.0
969,0.0
970,0.25893593
971,0.0
972,2.3873205
973,5.605296
974,14.452723
975,23.742056
976,0.0
977,0.0
978,0.0
979,0.0
980,0.0
981,0.0
982,0.0
983,0.0
984,0.0
985,0.0
986,0.73137534
987,0.0
988,0.0
989,11.411534
990,0.0
991,0.0
992,0.0
993,4.663212
994,0.0
995,4.4652314
996,0.0
997,20.404274
998,0.0
999,0.0
1000,0.0
1001,0.0
1002,0.0
1003,0.0
1004,0.0
1005,0.0
1006,0.0
1007,0.0
1008,0.0
1009,0.0
1010,0.0
1011,0.0
1012,0.0
1013,0.0
1014,0.0
1015,0.0
1016,0.0
1017,0.0
1018,0.0
1019,9.935741
1020,0.0
1021,11.132443
1022,0.0
1023,0.0
1024,0.0
1025,0.0
1026,11.950515
1027,0.0
1028,17.19674
1029,0.0
1030,0.0
1031,0.0
1032,0.0
1033,0.0
1034,0.0
1035,0.0
1036,0.0
1037,0.0
1038,4.1744103
1039,0.0
1040,6.3500733
1041,3.8798156
1042,6.8200226
1043,0.0
1044,0.0
1045,0.0
1046,0.0
1047,0.0
1048,0.0
1049,0.0
1050,0.0
1051,0.0
1052,0.0
1053,0.46286225
1054,0.0
1055,0.0
1056,0.0
1057,7.069921
1058,0.0
1059,0.0
1060,7.719309
1061,0.0
1062,0.0
1063,0.0
1064,0.0
1065,0.0
1066,0.0
1067,0.0
1068,2.012971
1069,0.0
1070,0.0
1071,0.0
1072,15.289249
1073,0.0
1074,0.0
1075,0.0
1076,0.0
1077,16.26799
1078,0.0
1079,4.6907816
1080,0.0
1081,0.0
1082,4.70129
1083,7.939627
1084,8.503668
1085,1.6067535
1086,17.029682
1087,0.0
1088,0.0
1089,6.8716183
1090,0.0
1091,0.0
1092,2.0910683
1093,0.0
1094,0.0
1095,0.0
1096,0.0
1097,0.0
1098,10.403521
1099,0.0
1100,3.7195113
1101,0.0
1102,0.0
1103,0.0
1104,8.779792
1105,6.141783
1106,0.0
1107,13.736678
1108,1.9628025
1109,0.0
1110,0.0
1111,0.0
1112,9.898414
1113,8.295678
1114,0.0
1115,0.0
1116,1.9352877
1117,0.620414
1118,0.0
1119,0.0
1120,0.0
1121,0.0
1122,0.30417454
1123,3.4122763
1124,18.740387
1125,0.0
1126,0.0
1127,0.0
1128,0.0
1129,0.0
1130,0.0
1131,10.6980295
1132,0.0
1133,0.0
1134,1.009065
1135,15.140303
1136,0.0
1137,0.0
1138,0.0
1139,0.0
1140,0.0
1141,0.0
1142,0.0
1143,0.0
1144,1.7128018
1145,0.0
1146,24.200155
1147,0.0
1148,0.0
1149,0.0
1150,0.0
1151,10.438697
1152,0.0
1153,0.0
1154,0.0
1155,0.0
1156,0.0
1157,1.6073946
1158,0.0
1159,0.0
1160,1.4879895
1161,6.8589635
1162,0.0
1163,10.536788
1164,0.0
1165,0.0
1166,0.0
1167,0.0
1168,2.9438183
1169,0.0
1170,13.846991
1171,0.0
1172,0.0
1173,0.0
1174,0.0
1175,0.0
1176,0.0
1177,0.0
1178,8.294598
1179,0.0
1180,11.059809
1181,0.0
1182,0.0
1183,0.0
1184,0.0
1185,0.0
1186,0.4073311
1187,0.0
1188,0.0
1189,0.0
1190,2.4365702
1191,0.0
1192,0.0
1193,0.0
1194,0.0
1195,14.596197
1196,0.0
1197,0.0
1198,0.0
1199,5.863279
1200,0.0
1201,0.0
1202,0.0
1203,8.035743
1204,0.0
1205,0.0
1206,0.0
1207,0.0
1208,0.0
1209,0.0
1210,0.0
1211,0.0
1212,0.0
1213,6.3553753
1214,0.0
1215,9.234126
1216,0.0
1217,0.0
1218,0.0
1219,0.0
1220,0.0
1221,0.0
1222,0.0
1223,0.0
1224,0.0
1225,0.0
1226,0.0
1227,0.0
1228,6.2107506
1229,0.0
1230,0.0
1231,0.0
1232,8.233679
1233,0.0
1234,0.0
1235,18.298466
1236,9.129076
1237,0.0
1238,0.0
1239,0.0
1240,7.972505
1241,0.0
1242,0.0
1243,0.0
1244,0.0
1245,0.0
1246,0.0
1247,0.0
1248,0.0
1249,0.0
1250,8.887542
1251,0.0
1252,0.0
1253,4.366174
1254,0.0
1255,2.7831445
1256,0.0
1257,7.0402164
1258,0.0
1259,0.0
1260,0.0
1261,0.0
1262,1.909977
1263,0.0
1264,0.0
1265,0.0
1266,0.0
1267,0.0
1268,0.0
1269,0.0
1270,9.069739
1271,0.0
1272,0.0
1273,0.0
1274,0.6477829
1275,11.364847
1276,0.0
1277,0.0
1278,0.0
1279,18.276308
1280,29.699886
1281,0.0
1282,7.9652576
1283,5.1584177
1284,0.0
1285,0.0
1286,0.0
1287,0.0
1288,0.0
1289,2.040603
1290,6.2445283
1291,3.0583982
1292,0.0
1293,0.0
1294,0.0
1295,0.0
1296,0.0
1297,0.0
1298,0.0
1299,0.0
1300,8.654842
1301,0.0
1302,0.0
1303,0.0
1304,0.0
1305,0.0
1306,0.0
1307,0.0
1308,0.0
1309,0.0
1310,3.4299595
1311,0.0
1312,0.0
1313,0.0
1314,0.0
1315,0.0
1316,1.560468
1317,0.0
1318,3.977581
1319,2.1914072
1320,0.0
1321,0.0
1322,0.0
1323,8.362263
1324,0.0
1325,0.0
1326,0.0
1327,4.6648617
1328,0.0
1329,0.0
1330,4.2607603
1331,12.154742
1332,0.0
1333,0.0
1334,5.654029
1335,0.0
1336,0.0
1337,0.0
1338,35.31238
1339,0.0
1340,0.0
1341,0.0
1342,0.0
1343,0.0
1344,0.0
1345,0.0
1346,0.0
1347,0.0
1348,0.0
1349,0.0
1350,0.04450955
1351,2.081081
1352,0.0
1353,0.0
1354,0.0
1355,0.0
1356,19.965532
1357,13.753373
1358,0.2662096
1359,0.0
1360,10.186912
1361,0.0
1362,8.212303
1363,7.737996
1364,4.1438007
1365,0.0
1366,8.652385
1367,0.0
1368,0.0
1369,0.0
1370,0.0
1371,0.0
1372,2.9442494
1373,20.673555
1374,0.0
1375,0.0
1376,9.261755
1377,0.0
1378,0.0
1379,11.002082
1380,0.0
1381,0.0
1382,2.4358277
1383,0.0
1384,0.0
1385,19.766788
1386,6.489216
1387,7.9432545
1388,0.0
1389,0.0
1390,0.0
1391,0.0
1392,0.0
1393,0.0
1394,0.0
1395,0.0
1396,0.0
1397,0.0
1398,5.2917476
1399,0.0
1400,0.95899224
1401,0.0
1402,8.06659
1403,0.0
1404,0.0
1405,0.0
1406,0.0
1407,0.0
1408,0.0
1409,0.0
1410,0.0
1411,0.0
1412,1.082746
1413,0.0
1414,0.0
1415,0.0
1416,0.0
1417,0.0
1418,0.0
1419,0.0
1420,0.0
1421,0.0
1422,0.0
1423,0.0
1424,8.705227
1425,0.0
1426,0.0
1427,0.0
1428,3.9348688
1429,0.0
1430,0.0
1431,0.0
1432,17.939348
1433,1.1317712
1434,0.0
1435,0.0
1436,0.0
1437,2.2613583
1438,0.0
1439,0.0
1440,0.0
1441,0.43686688
1442,0.0
1443,0.0
1444,11.805271
1445,0.0
1446,0.0
1447,0.0
1448,0.0
1449,0.0
1450,1.5306423
1451,0.75749075
1452,0.0
1453,0.0
1454,0.0
1455,9.262896
1456,0.0
1457,0.0
1458,0.0
1459,0.0
1460,2.4661756
1461,0.0
1462,0.0
1463,19.153183
1464,0.0
1465,27.22959
1466,0.0
1467,0.0
1468,0.0
1469,0.0
1470,0.0
1471,0.0
1472,0.0
1473,0.0
1474,12.308506
1475,7.268073
1476,13.168856
1477,0.26297387
1478,0.0
1479,13.496054
1480,0.0
1481,0.0
1482,0.0
1483,14.510504
1484,0.0
1485,0.0
1486,0.0
1487,0.0
1488,0.0
1489,0.0
1490,0.0
1491,0.0
1492,0.5471206
1493,0.0
1494,0.0
1495,3.618939
1496,0.785965
1497,0.0
1498,0.0
1499,0.0
1500,0.0
1501,0.0
1502,0.0
1503,10.461696
1504,0.0
1505,13.348032
1506,9.092464
1507,7.3649096
1508,0.0
1509,0.0
1510,0.0
1511,0.0
1512,4.7833114
1513,0.0
1514,0.0
1515,0.0
1516,0.0
1517,0.0
1518,0.0
1519,0.0
1520,0.0
1521,0.0
1522,0.0
1523,0.0
1524,0.0
1525,0.0
1526,0.0
1527,20.810093
1528,8.896724
1529,26.021227
1530,0.0
1531,0.0
1532,0.0
1533,0.0
1534,0.0
1535,0.0
1536,18.478731
1537,0.0
1538,0.0
1539,14.07965
1540,0.0
1541,0.0
1542,0.0
1543,0.0
1544,0.0
1545,0.0
1546,0.0
1547,0.0
1548,0.0
1549,0.0
1550,0.0
1551,0.0
1552,1.9944159
1553,0.0
1554,0.0
1555,5.1761003
1556,0.0
1557,0.0
1558,0.0
1559,0.0
1560,0.0
1561,0.0
1562,0.0
1563,0.0
1564,0.0
1565,0.0
1566,0.0
1567,9.482484
1568,0.0
1569,0.0
1570,0.0
1571,2.4380953
1572,0.0
1573,0.33440447
1574,0.0
1575,0.0
1576,0.0
1577,0.0
1578,2.807207
1579,0.0
1580,0.0
1581,0.0
1582,0.0
1583,21.102247
1584,12.008155
1585,0.0
1586,0.0
1587,0.0
1588,0.0
1589,0.0
1590,11.506192
1591,0.0
1592,0.0
1593,8.267836
1594,0.0
1595,0.0
1596,1.7066046
1597,0.0
1598,0.0
1599,0.0
1600,23.324154
1601,0.0
1602,0.0
1603,0.0
1604,0.0
1605,0.0
1606,0.0
1607,0.0
1608,0.0
1609,0.0
1610,0.0
1611,17.50207
1612,0.97335136
1613,17.539152
1614,0.0
1615,0.0
1616,0.0
1617,8.5702715
1618,0.0
1619,3.4351559
1620,0.0
1621,5.615594
1622,0.0
1623,0.0
1624,0.0
1625,0.0
1626,7.368317
1627,0.0
1628,0.0
1629,0.0
1630,0.0
1631,0.0
1632,5.359789
1633,0.0
1634,0.0
1635,0.0
1636,0.0
1637,0.0
1638,6.3219767
1639,0.0
1640,0.0
1641,0.66859335
1642,0.0
1643,6.585812
1644,0.0
1645,0.0
1646,0.0
1647,0.0
1648,0.0
1649,0.0
1650,0.0
1651,0.0
1652,14.174949
1653,0.0
1654,0.0
1655,0.0
1656,0.0
1657,0.0
1658,17.6653
1659,0.5533751
1660,0.0
1661,0.0
1662,0.0
1663,0.0
1664,0.0
1665,0.0
1666,1.7073033
1667,0.0
1668,0.0
1669,0.0
1670,0.0
1671,12.585567
1672,0.0
1673,7.1755095
1674,0.0
1675,0.0
1676,0.0
1677,5.9202056
1678,0.0
1679,0.0
1680,2.4215095
1681,0.0
1682,0.0
1683,0.0
1684,0.0
1685,0.0
1686,0.0
1687,0.0
1688,6.213519
1689,0.0
1690,0.0
1691,0.0
1692,0.0
1693,0.0
1694,1.9779772
1695,0.0
1696,5.5924325
1697,0.0
1698,14.9015665
1699,14.589634
1700,0.0
1701,0.0
1702,0.0
1703,0.0
1704,0.011257559
1705,0.0
1706,0.0
1707,0.0
1708,0.0
1709,0.0
1710,0.0
1711,0.0
1712,16.460506
1713,0.0
1714,0.0
1715,0.0
1716,8.558329
1717,25.88763
1718,0.1518389
1719,0.0
1720,14.906387
1721,0.0
1722,0.0
1723,0.0
1724,0.0
1725,12.928536
1726,0.0
1727,0.0
1728,0.0
1729,0.0
1730,0.0
1731,0.0
1732,0.0
1733,0.0
1734,0.0
1735,0.0
1736,2.0902958
1737,0.0
1738,0.0
1739,2.1260815
1740,0.0
1741,0.0
1742,3.4649668
1743,0.0
1744,14.165128
1745,0.0
1746,0.0
1747,4.0346355
1748,9.567097
1749,0.0
1750,3.543112
1751,10.766932
1752,0.0
1753,16.12265
1754,0.0
1755,0.0
1756,0.0
1757,0.0
1758,4.393464
1759,29.4193
1760,0.0
1761,0.0
1762,0.0
1763,0.0
1764,0.0
1765,0.0
1766,5.5723233
1767,0.0
1768,0.0
1769,0.0
1770,7.006999
1771,0.45985767
1772,0.0
1773,0.0
1774,23.351513
1775,0.0
1776,0.0
1777,0.0
1778,0.0
1779,0.8926657
1780,0.0
1781,0.0
1782,0.0
1783,0.0
1784,0.0
1785,0.0
1786,0.0
1787,0.0
1788,0.0
1789,0.0
1790,0.0
1791,0.0
1792,0.0
1793,0.0
1794,0.0
1795,0.0
1796,0.0
1797,0.0
1798,0.8968806
1799,6.198489
1800,0.0
1801,0.0
1802,0.0
1803,2.1124198
1804,0.0
1805,0.0
1806,8.406666
1807,0.0
1808,9.656417
1809,0.0
1810,0.0
1811,0.0
1812,0.0
1813,0.0
1814,10.904484
1815,0.0
1816,0.0
1817,8.530358
1818,0.0
1819,0.0
1820,0.97192603
1821,0.0
1822,1.4676093
1823,0.0
1824,0.0
1825,22.461187
1826,2.1708355
1827,10.202654
1828,7.749227
1829,0.0
1830,0.0
1831,0.0
1832,3.512715
1833,0.0
1834,8.537654
1835,0.0
1836,0.0
1837,0.0
1838,0.0
1839,11.559373
1840,0.0
1841,0.0
1842,0.0
1843,0.0
1844,2.851797
1845,0.0
1846,0.0
1847,0.0
1848,2.592042
1849,0.0
1850,0.0
1851,0.0
1852,0.0
1853,3.0909657
1854,0.0
1855,0.0
1856,0.0
1857,0.0
1858,0.0
1859,10.315571
1860,0.0
1861,0.0
1862,1.2923102
1863,0.0
1864,0.0
1865,11.116111
1866,0.0
1867,0.0
1868,0.0
1869,0.0
1870,0.0
1871,4.515262
1872,0.0
1873,4.792981
1874,0.0
1875,5.8714533
1876,0.0
1877,0.0
1878,0.0
1879,0.0
1880,4.6563144
1881,0.0
1882,0.0
1883,0.0
1884,0.0
1885,0.0
1886,0.0
1887,9.273002
1888,3.4071486
1889,0.0
1890,12.365341
1891,11.116418
1892,0.0
1893,3.0040493
1894,0.0
1895,0.0
1896,0.0
1897,0.0
1898,0.0
1899,0.0
1900,0.0
1901,0.0
1902,2.2696705
1903,0.0
1904,3.393629
1905,9.947516
1906,0.0
1907,0.0
1908,0.0
1909,0.0
1910,0.0
1911,0.0
1912,0.0
1913,1.9544181
1914,0.0
1915,0.0
1916,9.157927
1917,2.1766534
1918,0.0
1919,2.2443972
1920,11.406774
1921,0.0
1922,0.0
1923,0.0
1924,0.0
1925,0.0
1926,0.0
1927,4.207001
1928,0.0
1929,0.0
1930,0.0
1931,0.0
1932,0.0
1933,0.0
1934,0.0
1935,1.0443865
1936,0.0
1937,0.0
1938,0.741447
1939,12.814026
1940,1.1831938
1941,12.578262
1942,0.0
1943,0.0
1944,0.0
1945,0.0
1946,0.0
1947,0.0
1948,0.0
1949,0.0
1950,1.7370708
1951,0.0
1952,0.0
1953,2.874533
1954,0.0
1955,0.0
1956,0.0
1957,12.504093
1958,0.0
1959,0.0
1960,0.0
1961,0.0
1962,0.0
1963,0.0
1964,0.0
1965,11.282728
1966,0.0
1967,0.0
1968,0.0
1969,0.0
1970,0.0
1971,17.885006
1972,0.0
1973,0.92407495
1974,6.5369315
1975,0.0
1976,0.0
1977,17.52409
1978,0.0
1979,0.0
1980,0.0
1981,0.0
1982,0.0
1983,11.041132
1984,0.0
1985,5.715061
1986,0.0
1987,0.0
1988,4.421004
1989,3.1672397
1990,0.0
1991,0.0
1992,0.0
1993,0.0
1994,0.0
1995,0.0
1996,0.0
1997,0.0
1998,13.498243
1999,0.0
2000,0.0
2001,0.0
2002,3.3703132
2003,0.0
2004,7.050142
2005,21.055008
2006,0.0
2007,0.0
2008,0.0
2009,0.0
2010,0.0
2011,0.0
2012,2.9266624
2013,0.0
2014,0.5136941
2015,0.0
2016,0.0
2017,0.0
2018,0.0
2019,15.87425
2020,6.2220387
2021,0.0
2022,0.0
2023,0.0
2024,0.0
2025,0.0
2026,0.0
2027,10.305346
2028,0.0
2029,15.548523
2030,9.936557
2031,0.0
2032,0.0
2033,0.0
2034,0.0
2035,0.0
2036,0.0
2037,0.0
2038,0.0
2039,10.977964
2040,0.0
2041,0.0
2042,0.0
2043,0.0
2044,0.0
2045,0.0
2046,10.67082
2047,0.0
2048,0.0
2049,0.0
2050,0.0
2051,0.0
2052,5.189816
2053,0.0
2054,0.0
2055,0.0
2056,5.497657
2057,0.0
2058,0.0
2059,0.0
2060,0.0
2061,0.0
2062,16.52043
2063,0.0
2064,0.0
2065,0.0
2066,0.0
2067,0.0
2068,0.0
2069,9.946119
2070,0.0
2071,10.172395
2072,0.0
2073,7.072866
2074,0.0
2075,10.926654
2076,0.0
2077,0.0
2078,0.0
2079,0.75917584
2080,0.0
2081,0.0
2082,0.0
2083,0.0
2084,0.0
2085,0.0
2086,10.73731
2087,0.0
2088,9.041497
2089,0.0
2090,0.0
2091,15.591603
2092,2.2143934
2093,0.0
2094,0.0
2095,27.013355
2096,1.3402869
2097,0.0
2098,9.47455
2099,0.0
2100,0.0
2101,0.0
2102,2.9566154
2103,0.0
2104,0.0
2105,2.0810006
2106,15.207864
2107,0.0
2108,0.0
2109,16.353691
2110,0.0
2111,0.0
2112,13.95664
2113,0.0
2114,5.564047
2115,0.0
2116,6.126033
2117,0.0
2118,0.0
2119,0.0
2120,8.71436
2121,0.0
2122,0.0
2123,0.0
2124,0.0
2125,0.0
2126,0.0
2127,0.0
2128,0.0
2129,0.0
2130,7.1080365
2131,0.0
2132,0.0
2133,0.0
2134,0.0
2135,0.0
2136,13.173284
2137,11.413512
2138,1.4803317
2139,0.0
2140,0.0
2141,0.0
2142,12.462077
2143,10.686241
2144,0.94596136
2145,0.0
2146,9.625869
2147,0.0
2148,23.90279
2149,0.0
2150,0.0
2151,0.0
2152,0.0
2153,0.0
2154,17.132885
2155,0.0
2156,11.1688595
2157,0.0
2158,0.0
2159,0.0
2160,0.0
2161,0.0
2162,0.047583476
2163,0.0
2164,0.0
2165,18.229273
2166,0.0
2167,0.0
2168,13.2090435
2169,0.0
2170,0.0
2171,0.0
2172,0.0
2173,0.14060238
2174,0.0
2175,0.0
2176,0.0
2177,3.1857994
2178,0.0
2179,0.0
2180,4.286875
2181,0.0
2182,0.0
2183,12.672812
2184,0.0
2185,0.0
2186,11.241317
2187,0.0
2188,0.0
2189,0.0
2190,0.0
2191,0.0
2192,0.0
2193,0.0
2194,9.24484
2195,11.49197
2196,0.0
2197,0.0
2198,0.0
2199,0.0
2200,0.0
2201,0.0
2202,0.0
2203,0.0
2204,0.0
2205,0.0
2206,1.7729285
2207,4.185609
2208,2.4381566
2209,0.0
2210,0.0
2211,0.0
2212,0.0
2213,0.0
2214,0.0
2215,0.0
2216,0.0
2217,1.5402427
2218,0.0
2219,0.0
2220,0.0
2221,2.0085535
2222,0.0
2223,0.0
2224,8.724127
2225,0.0
2226,0.0
2227,0.0
2228,7.6012545
2229,0.0
2230,2.8194647
2231,0.0
2232,6.185242
2233,0.0
2234,0.0
2235,0.0
2236,0.0
2237,0.0
2238,2.0234947
2239,0.0
2240,0.0
2241,0.0
2242,0.0
2243,0.0
2244,3.6001618
2245,0.0
2246,8.191366
2247,0.0
2248,0.0
2249,0.0
2250,0.0
2251,4.2178674
2252,0.0
2253,0.0
2254,0.0
2255,0.0
2256,0.0
2257,0.0
2258,0.0
2259,0.0
2260,0.0
2261,0.0
2262,0.0
2263,0.0
2264,6.433622
2265,6.3582883
2266,0.0
2267,0.0
2268,10.231426
2269,0.0
2270,6.3577476
2271,0.0
2272,0.0
2273,0.0
2274,0.0
2275,0.0
2276,0.0
2277,0.0
2278,0.0
2279,0.0
2280,0.0
2281,0.0
2282,11.411284
2283,0.0
2284,0.0
2285,0.0
2286,0.34048796
2287,1.5318273
2288,0.0
2289,0.0
2290,0.0
2291,0.0
2292,0.0
2293,0.0
2294,0.0
2295,0.0
2296,0.0
2297,0.0
2298,0.0
2299,0.0
2300,24.232637
2301,0.0
2302,4.3211393
2303,0.0
2304,0.0
2305,0.0
2306,0.0
2307,0.0
2308,1.3245847
2309,5.624952
2310,0.0
2311,1.4890032
2312,3.74107
2313,0.0
2314,0.0
2315,0.0
2316,0.0
2317,0.0
2318,0.0
2319,0.0
2320,0.0
2321,0.0
2322,0.0
2323,0.0
2324,11.72184
2325,6.4049845
2326,17.51709
2327,0.0
2328,0.0
2329,0.0
2330,10.700435
2331,0.0
2332,0.0
2333,0.0
2334,0.0
2335,0.0
2336,1.1823361
2337,0.0
2338,0.0
2339,0.0
2340,7.7406783
2341,0.0
2342,0.0
2343,0.0
2344,0.0
2345,3.8806965
2346,0.0
2347,19.708738
2348,0.47732675
2349,0.0
2350,2.4852145
2351,0.0
2352,0.0
2353,0.0
2354,15.836232
2355,0.0
2356,0.0
2357,0.0
2358,0.0
2359,0.0
2360,0.0
2361,0.0
2362,18.638329
2363,0.0
2364,0.0
2365,3.896018
2366,0.0
2367,0.0
2368,0.0
2369,0.0
2370,0.0
2371,0.0
2372,0.0
2373,4.5088344
2374,0.0
2375,4.5093336
2376,0.0
2377,0.0
2378,9.635862
2379,0.0
2380,0.0
2381,0.0
2382,0.0
2383,0.0
2384,0.0
2385,0.0
2386,0.0
2387,0.0
2388,3.708228
2389,0.0
2390,0.0
2391,0.0
2392,6.038873
2393,0.0
2394,0.0
2395,0.0
2396,0.0
2397,0.0
2398,0.0
2399,0.0
2400,0.0
2401,0.0
2402,0.0
2403,0.0
2404,0.0
2405,0.0
2406,0.0
2407,0.0
2408,0.0
2409,0.0
2410,0.0
2411,27.827871
2412,0.0
2413,0.0
2414,0.0
2415,0.0
2416,0.0
2417,0.0
2418,0.0
2419,0.0
2420,3.2541804
2421,0.0
2422,10.375539
2423,7.901717
2424,0.0
2425,0.0
2426,0.0
2427,0.0
2428,0.0
2429,0.0
2430,0.0
2431,2.351202
2432,0.0
2433,0.0
2434,20.186832
2435,0.0
2436,0.0
2437,0.0
2438,0.0
2439,0.0
2440,0.0
2441,0.0
2442,0.0
2443,0.0
2444,0.0
2445,0.0
2446,9.353104
2447,0.0
2448,0.0
2449,0.0
2450,0.0
2451,0.0
2452,0.0
2453,0.0
2454,0.0
2455,0.0
2456,0.22934552
2457,0.0
2458,0.0
2459,0.0
2460,0.0
2461,0.0
2462,0.0
2463,6.0102625
2464,0.0
2465,0.0
2466,0.0
2467,0.0
2468,1.2238889
2469,0.6212909
2470,0.0
2471,0.0
2472,0.0
2473,4.9067802
2474,1.792507
2475,0.0
2476,7.7437034
2477,7.6517305
2478,4.3933015
2479,0.0
2480,0.0
2481,0.0
2482,0.1655037
2483,3.2794433
2484,0.0
2485,0.0
2486,18.952927
2487,13.577214
2488,1.7930698
2489,0.0
2490,15.094184
2491,15.917456
2492,0.0
2493,0.0
2494,10.881204
2495,0.0
2496,10.872324
2497,6.927133
2498,0.0
2499,12.379462
2500,0.0
2501,0.0
2502,0.0
2503,0.0
2504,1.2032174
2505,0.0
2506,3.6150994
2507,0.0
2508,0.0
2509,0.0
2510,0.0
2511,9.855693
2512,0.0
2513,10.61267
2514,0.0
2515,0.0
2516,2.8995419
2517,0.0
2518,0.0
2519,0.0
2520,0.0
2521,6.7929554
2522,0.0
2523,0.0
2524,0.0
2525,25.989952
2526,5.2973585
2527,0.0
2528,0.0
2529,0.0
2530,0.0
2531,0.0
2532,0.0
2533,0.0
2534,0.0
2535,0.0
2536,0.0
2537,14.826866
2538,0.0
2539,0.0
2540,6.6962504
2541,0.0
2542,0.0
2543,4.2209845
2544,0.0
2545,0.0
2546,2.0050728
2547,0.0
2548,0.0
2549,0.0
2550,0.0
2551,0.0
2552,0.0
2553,0.0
2554,0.0
2555,0.0
2556,0.0
2557,0.0
2558,0.0
2559,0.0
2560,0.0
2561,0.0
2562,16.120466
2563,6.9049897
2564,0.0
2565,5.7424498
2566,0.0
2567,0.0
2568,0.0
2569,0.0
2570,0.0
2571,0.0
2572,0.0
2573,0.0
2574,0.0
2575,0.0
2576,3.9543312
2577,5.726102
2578,3.826159
2579,0.0
2580,0.0
2581,0.0
2582,0.0
2583,0.0
2584,0.0
2585,0.0
2586,0.0
2587,0.0
2588,0.0
2589,6.269607
2590,0.0
2591,0.0
2592,13.893872
2593,0.0
2594,0.0
2595,0.0
2596,2.8659883
2597,0.0
2598,0.0
2599,0.0
2600,0.0
2601,0.0
2602,4.3041434
2603,0.0
2604,0.0
2605,0.0
2606,0.0
2607,0.0
2608,0.0
2609,6.9934387
2610,0.0
2611,0.0
2612,4.5313582
2613,0.0
2614,0.0
2615,0.0
2616,0.0
2617,4.6553774
2618,0.0
2619,0.0
2620,14.932021
2621,0.0
2622,0.0
2623,0.0
2624,0.0
2625,0.0
2626,0.0
2627,4.2642183
2628,33.15074
2629,0.0
2630,14.140375
2631,0.0
2632,0.0
2633,18.098286
2634,0.0
2635,0.0
2636,12.552645
2637,0.0
2638,0.0
2639,0.0
2640,0.0
2641,0.0
2642,0.0
2643,0.0
2644,0.0
2645,0.0
2646,0.0
2647,0.0
2648,0.0
2649,0.0
2650,8.380311
2651,0.0
2652,0.0
2653,2.282808
2654,15.450561
2655,0.0
2656,0.0
2657,15.267513
2658,0.0
2659,0.0
2660,0.0
2661,0.0
2662,0.0
2663,0.0
2664,0.0
2665,0.0
2666,0.0
2667,0.0
2668,0.0
2669,34.275364
2670,0.0
2671,0.0
2672,0.0
2673,0.0
2674,0.0
2675,0.0
2676,2.250642
2677,0.0
2678,5.026344
2679,0.0
2680,8.328119
2681,0.0
2682,0.0
2683,0.0
2684,0.0
2685,0.0
2686,8.355724
2687,0.0
2688,0.0
2689,8.882856
2690,0.0
2691,0.0
2692,1.7357517
2693,0.0
2694,0.0
2695,0.0
2696,0.0
2697,0.30322906
2698,0.79319584
2699,0.0
2700,0.0
2701,4.0956326
2702,0.0
2703,0.0
2704,0.0
2705,0.0
2706,0.0
2707,0.0
2708,0.0
2709,0.0
2710,0.0
2711,0.0
2712,0.0
2713,8.741955
2714,0.0
2715,0.0
2716,8.924812
2717,9.903214
2718,0.0
2719,0.0
2720,0.0
2721,0.0
2722,0.0
2723,0.0
2724,6.852518
2725,0.0
2726,0.0
2727,0.0
2728,0.0
2729,0.0
2730,0.0
2731,0.0
2732,0.0
2733,0.0
2734,0.0
2735,5.617635
2736,0.0
2737,0.0
2738,2.8042781
2739,0.0
2740,0.0
2741,5.0584974
2742,0.0
2743,0.0
2744,0.0
2745,0.0
2746,6.14853
2747,0.0
2748,1.7892162
2749,0.0
2750,0.0
2751,0.0
2752,0.0
2753,9.069901
2754,0.0
2755,0.0
2756,0.0
2757,9.615408
2758,0.0
2759,13.678746
2760,0.0
2761,0.0
2762,0.0
2763,0.0
2764,1.6351565
2765,0.0
2766,0.0
2767,0.0
2768,0.0
2769,0.0
2770,0.0
2771,0.0
2772,0.0
2773,0.0
2774,0.0
2775,0.0
2776,0.0
2777,6.2413244
2778,11.395613
2779,0.0
2780,0.0
2781,0.0
2782,0.0
2783,0.0
2784,24.391506
2785,3.5134656
2786,6.885972
2787,0.0
2788,5.4852576
2789,1.3492683
2790,6.9032526
2791,0.0
2792,0.0
2793,0.0
2794,0.0
2795,0.0
2796,0.0
2797,11.395589
2798,0.0
2799,0.0
2800,0.0
2801,0.0
2802,0.0
2803,0.0
2804,0.0
2805,13.374015
2806,0.0
2807,0.0
2808,0.0
2809,0.0
2810,0.0
2811,0.0
2812,0.0
2813,0.0
2814,0.0
2815,3.8543484
2816,0.0
2817,0.0
2818,0.0
2819,0.0
2820,7.4813733
2821,0.0
2822,0.0
2823,0.0
2824,0.0
2825,0.0
2826,0.0
2827,11.908982
2828,0.0
2829,0.0
2830,0.0
2831,0.0
2832,0.0
2833,0.0
2834,11.555821
2835,7.3336782
2836,0.0
2837,0.0
2838,0.5057285
2839,0.0
2840,0.0
2841,6.8506794
2842,0.0
2843,7.609495
2844,0.0
2845,0.0
2846,1.0873183
2847,0.0
2848,0.0
2849,0.5066022
2850,0.0
2851,0.0
2852,0.0
2853,13.815925
2854,17.77052
2855,23.47749
2856,0.0
2857,0.0
2858,1.2723218
2859,15.927738
2860,0.0
2861,0.0
2862,1.5884434
2863,4.62713
2864,0.0
2865,0.0
2866,12.830867
2867,0.0
2868,0.0
2869,0.0
2870,0.0
2871,0.0
2872,0.0
2873,0.0
2874,1.1890492
2875,0.0
2876,0.0
2877,0.0
2878,0.0
2879,0.0
2880,0.0
2881,0.0
2882,0.0
2883,0.0
2884,2.625561
2885,0.0
2886,0.0
2887,0.0
2888,0.0
2889,0.0
2890,0.0
2891,0.0
2892,5.3521824
2893,0.0
2894,0.0
2895,0.0
2896,0.0
2897,0.0
2898,0.0
2899,0.0
2900,0.0
2901,0.0
2902,2.3820088
2903,0.0
2904,0.0
2905,18.512676
2906,0.0
2907,2.1740277
2908,0.0
2909,0.20875826
2910,0.0
2911,0.0
2912,3.7639751
2913,0.0
2914,14.658045
2915,0.0
2916,0.6371578
2917,0.0
2918,0.0
2919,11.374465
2920,2.3767178
2921,0.0
2922,0.0
2923,0.0
2924,0.0
2925,0.0
2926,19.6084
2927,0.0
2928,0.0
2929,0.64869404
2930,13.784979
2931,4.550855
2932,0.0
2933,0.0
2934,0.0
2935,2.175918
2936,0.0
2937,0.0
2938,0.0
2939,14.685597
2940,0.0
2941,0.0
2942,0.0
2943,3.4965496
2944,0.0
2945,0.0
2946,0.0
2947,0.0
2948,0.0
2949,3.9462006
2950,0.0
2951,4.7008
2952,0.0
2953,5.0296626
2954,0.0
2955,11.998103
2956,0.87792283
2957,0.0
2958,0.0
2959,0.55838466
2960,2.5349982
2961,0.0
2962,0.0
2963,0.0
2964,0.0
2965,0.0
2966,0.0
2967,0.0
2968,0.0
2969,1.3834171
2970,0.0
2971,9.80161
2972,7.273995
2973,0.0
2974,0.0
2975,10.105445
2976,0.0
2977,0.0
2978,0.0
2979,0.0
2980,0.064604595
2981,0.0
2982,0.0
2983,0.0
2984,0.0
2985,12.741111
2986,0.0
2987,13.245404
2988,0.0
2989,0.0
2990,3.2837281
2991,0.0
2992,0.0
2993,0.0
2994,0.0
2995,21.787725
2996,0.0
2997,0.0
2998,0.0
2999,0.0
3000,4.739868
3001,0.0
3002,0.0
3003,19.081575
3004,0.0
3005,0.0
3006,2.5738294
3007,0.2274539
3008,0.0
3009,9.852042
3010,0.0
3011,0.0
3012,1.2180678
3013,0.0
3014,0.0
3015,0.0
3016,0.0
3017,0.0
3018,0.0
3019,0.0
3020,0.0
3021,0.0
3022,4.6792517
3023,0.0
3024,0.0
3025,0.0
3026,5.9081364
3027,0.0
3028,15.296902
3029,8.095535
3030,0.0
3031,0.0
3032,0.0
3033,0.0
3034,0.0
3035,0.0
3036,0.0
3037,0.0
3038,3.2596483
3039,15.651586
3040,0.018711746
3041,0.0
3042,0.0
3043,6.2369695
3044,0.0
3045,0.0
3046,8.90005
3047,4.6256247
3048,11.723851
3049,0.0
3050,12.425036
3051,0.0
3052,0.0
3053,7.964616
3054,0.0
3055,0.0
3056,0.0
3057,4.913562
3058,0.0
3059,0.0
3060,0.0
3061,0.0
3062,0.0
3063,0.0
3064,0.0
3065,0.0
3066,0.0
3067,3.580177
3068,3.8931687
3069,1.9926126
3070,0.0
3071,0.0
3072,0.0
3073,0.0
3074,0.0
3075,0.0
3076,0.0
3077,0.0
3078,0.0
3079,0.0
3080,0.0
3081,0.0
3082,0.0
3083,0.10664681
3084,0.0
3085,0.0
3086,0.7397259
3087,0.0
3088,0.0
3089,0.0
3090,0.0
3091,0.0
3092,0.0
3093,0.0
3094,0.0
3095,0.0
3096,5.5904965
3097,0.0
3098,8.074126
3099,1.3246415
3100,0.0
3101,0.0
3102,0.0
3103,0.0
3104,23.406754
3105,0.0
3106,0.2539317
3107,6.4380827
3108,0.0
3109,4.334419
3110,0.0
3111,15.2504635
3112,0.0
3113,0.0
3114,0.0
3115,3.896035
3116,3.712639
3117,0.0
3118,0.0
3119,0.0
3120,0.0
3121,5.686573
3122,0.0
3123,0.0
3124,0.0
3125,0.0
3126,0.0
3127,1.578933
3128,0.0
3129,0.0
3130,0.0
3131,0.0
3132,0.0
3133,0.0
3134,0.0
3135,0.0
3136,0.0
3137,3.8981636
3138,0.0
3139,0.0
3140,8.907728
3141,0.0
3142,0.0
3143,0.0
3144,3.9436398
3145,0.0
3146,0.0
3147,0.0
3148,1.3237274
3149,0.0
3150,0.0
3151,0.0
3152,0.0
3153,0.0
3154,0.0
3155,0.0
3156,0.0
3157,0.0
3158,0.0
3159,0.0
3160,2.4120226
3161,1.5170536
3162,0.0
3163,11.470055
3164,0.0
3165,0.0
3166,0.0
3167,0.0
3168,0.0
3169,0.0
3170,0.0
3171,8.75442
3172,10.887391
3173,0.0
3174,0.0
3175,0.0
3176,0.56197774
3177,0.0
3178,11.489659
3179,0.0
3180,0.0
3181,0.0
3182,0.0
3183,0.0
3184,0.0
3185,0.0
3186,0.0
3187,0.0
3188,0.0
3189,18.177717
3190,0.0
3191,0.0
3192,0.0
3193,17.093485
3194,3.8970563
3195,0.0
3196,0.0
3197,0.0
3198,0.0
3199,5.344752
3200,11.932406
3201,0.0
3202,0.10994762
3203,0.0
3204,0.0
3205,0.0
3206,0.0
3207,11.4985695
3208,0.0
3209,1.5748496
3210,0.0
3211,17.468126
3212,0.0
3213,3.7729702
3214,0.0
3215,0.0
3216,2.4867382
3217,0.0
3218,0.0
3219,0.0
3220,0.0
3221,0.0
3222,0.0
3223,0.0
3224,0.0
3225,5.2321434
3226,0.0
3227,0.0
3228,5.512156
3229,0.0
3230,0.0
3231,0.0
3232,0.0
3233,8.017077
3234,0.0
3235,0.0
3236,15.624957
3237,0.0
3238,0.0
3239,0.0
3240,0.0
3241,0.0
3242,0.0
3243,7.4661803
3244,0.0
3245,0.0
3246,0.0
3247,0.0
3248,0.0
3249,0.0
3250,0.0
3251,0.0
3252,11.257221
3253,0.0
3254,0.11712623
3255,0.0
3256,0.0
3257,0.0
3258,0.0
3259,0.0
3260,0.0
3261,0.0
3262,0.0
3263,0.0
3264,4.406628
3265,6.974668
3266,1.0460218
3267,0.0
3268,0.0
3269,0.0
3270,10.97548
3271,1.0572182
3272,0.0
3273,0.0
3274,5.970238
3275,0.0
3276,0.0
3277,2.491997
3278,0.0
3279,0.0
3280,0.0
3281,0.0
3282,0.0
3283,0.0
3284,0.0
3285,0.0
3286,10.119701
3287,0.0
3288,0.0
3289,0.0
3290,0.0
3291,0.0
3292,7.1393647
3293,0.0
3294,6.826822
3295,0.0
3296,5.0461345
3297,0.0
3298,0.0
3299,7.264434
3300,0.0
3301,17.066092
3302,0.0
3303,0.0
3304,1.5670805
3305,0.5148572
3306,0.0
3307,18.76386
3308,0.0
3309,0.0
3310,0.0
3311,0.0
3312,1.1383688
3313,0.0
3314,11.211768
3315,0.0
3316,0.0
3317,0.0
3318,0.0
3319,0.0
3320,0.0
3321,0.0
3322,0.0
3323,0.0
3324,0.0
3325,0.0
3326,0.0
3327,0.0
3328,5.141839
3329,0.0
3330,2.6667926
3331,0.0
3332,10.36258
3333,0.0
3334,0.0
3335,0.0
3336,0.0
3337,0.0
3338,0.0
3339,0.0
3340,0.10737342
3341,0.0
3342,0.0
3343,0.0
3344,0.0
3345,0.0
3346,0.0
3347,15.944239
3348,0.0
3349,0.0
3350,0.0
3351,0.0
3352,0.0
3353,0.0
3354,7.5471807
3355,0.0
3356,0.0
3357,0.0
3358,0.0
3359,0.0
3360,5.371156
3361,0.0
3362,0.0
3363,0.0
3364,2.8828745
3365,0.0
3366,0.0
3367,0.0
3368,0.0
3369,0.0
3370,0.0
3371,0.0
3372,0.0
3373,0.0
3374,0.0
3375,0.0
3376,4.69099
3377,0.0
3378,5.578416
3379,0.0
3380,0.12549466
3381,12.778879
3382,13.390619
3383,0.0
3384,0.0
3385,0.0
3386,0.0
3387,0.0
3388,0.0
3389,9.375074
3390,2.5706506
3391,0.0
3392,0.24512002
3393,0.0
3394,7.635358
3395,4.369332
3396,0.0
3397,0.0
3398,21.374203
3399,0.0
3400,0.0
3401,0.0
3402,0.0
3403,0.57221293
3404,0.0
3405,0.0
3406,0.0
3407,0.0
3408,0.0
3409,3.5396326
3410,1.0566312
3411,0.0
3412,0.0
3413,0.0
3414,0.0
3415,0.0
3416,0.0
3417,0.0
3418,0.0
3419,0.0
3420,1.7325715
3421,0.0
3422,0.0
3423,0.0
3424,0.0
3425,0.0
3426,10.493589
3427,0.0
3428,0.0
3429,0.0
3430,2.6641445
3431,0.0
3432,2.5373256
3433,12.150842
3434,0.0
3435,0.0
3436,0.0
3437,0.0
3438,0.0
3439,11.235626
3440,0.0
3441,6.19893
3442,17.324862
3443,0.0
3444,7.3751817
3445,0.0
3446,0.0
3447,16.219276
3448,0.0
3449,16.00371
3450,0.0
3451,0.29129368
3452,7.5998216
3453,0.0
3454,0.0
3455,0.0
3456,8.899273
3457,1.072583
3458,0.0
3459,0.0
3460,0.67953724
3461,0.0
3462,0.0
3463,0.0
3464,0.0
3465,0.0
3466,0.0
3467,0.0
3468,0.0
3469,0.0
3470,0.0
3471,0.0
3472,10.250311
3473,0.0
3474,0.0
3475,0.0
3476,0.0
3477,0.0
3478,16.685661
3479,0.0
3480,0.0
3481,0.3798798
3482,0.0
3483,4.1404133
3484,0.0
3485,0.0
3486,0.0
3487,0.0
3488,0.0
3489,0.0
3490,0.0
3491,0.0
3492,0.0
3493,0.0
3494,0.0
3495,0.0
3496,0.0
3497,0.0
3498,7.026705
3499,0.0
3500,3.9172611
3501,2.832464
3502,0.0
3503,15.91791
3504,0.0
3505,0.0
3506,0.0
3507,0.0
3508,0.16780584
3509,0.0
3510,0.0
3511,0.0
3512,2.133558
3513,0.0
3514,0.0
3515,2.5399697
3516,0.0
3517,0.0
3518,0.0
3519,0.0
3520,7.042543
3521,0.0
3522,0.0
3523,11.994419
3524,2.8319855
3525,0.0
3526,0.0
3527,0.0
3528,0.0
3529,14.38167
3530,0.0
3531,0.0
3532,0.0
3533,1.1351051
3534,12.916572
3535,0.0
3536,16.12865
3537,0.0
3538,0.0
3539,0.0
3540,0.0
3541,0.0
3542,0.0
3543,0.0
3544,0.69683033
3545,0.0
3546,0.0
3547,0.0
3548,0.0
3549,0.0
3550,0.0
3551,6.4084806
3552,0.0
3553,0.0
3554,0.0
3555,0.0
3556,0.0
3557,0.0
3558,5.1049986
3559,0.0
3560,0.0
3561,0.0
3562,0.0
3563,0.0
3564,0.0
3565,0.0
3566,0.0
3567,0.0
3568,0.0
3569,0.0
3570,0.0
3571,0.0
3572,0.0
3573,0.0
3574,0.0
3575,0.0
3576,0.0
3577,0.0
3578,1.1612449
3579,2.3033683
3580,0.0
3581,0.0
3582,0.0
3583,0.0
3584,0.0
3585,15.641162
3586,0.0
3587,1.1692028
3588,0.0
3589,0.0
3590,0.0
3591,10.947531
3592,0.0
3593,0.0
3594,0.0
3595,0.0
3596,0.0
3597,0.0
3598,0.0
3599,7.3530083
3600,0.0
3601,0.0
3602,0.0
3603,0.0
3604,0.0
3605,0.0
3606,0.0
3607,0.0
3608,12.147887
3609,0.0
3610,0.0
3611,0.0
3612,0.7826214
3613,0.0
3614,0.0
3615,14.621338
3616,0.0
3617,0.0
3618,0.30322528
3619,0.0
3620,0.0
3621,0.0
3622,0.0
3623,0.0
3624,0.0
3625,0.0
3626,0.0
3627,0.0
3628,0.0
3629,0.0
3630,6.269853
3631,0.46581978
3632,8.237198
3633,0.0
3634,0.0
3635,0.0
3636,0.0
3637,0.0
3638,0.0
3639,1.3132094
3640,1.5066888
3641,4.5569215
3642,0.0
3643,0.0
3644,5.7990074
3645,0.0
3646,0.0
3647,0.0
3648,0.0
3649,0.0
3650,0.0
3651,0.0
3652,0.0
3653,0.0
3654,0.0
3655,0.0
3656,0.0
3657,0.0
3658,0.0
3659,0.8092256
3660,0.0
3661,0.0
3662,10.944963
3663,0.0
3664,0.0
3665,0.0
3666,2.0693204
3667,0.0
3668,0.0
3669,0.0
3670,0.0
3671,0.0
3672,0.0
3673,0.0
3674,0.0
3675,0.0
3676,0.0
3677,0.0
3678,0.0
3679,0.0
3680,0.0
3681,0.0
3682,0.0
3683,0.0
3684,0.0
3685,0.0
3686,1.6265485
3687,0.0
3688,21.576904
3689,0.0
3690,0.0
3691,7.38909
3692,0.0
3693,0.0
3694,0.0
3695,8.017401
3696,0.0
3697,5.6990585
3698,0.0
3699,0.0
3700,0.0
3701,0.36298642
3702,0.0
3703,0.0
3704,0.9618335
3705,15.661476
3706,0.0
3707,0.0
3708,0.0
3709,5.1397595
3710,0.0
3711,0.0
3712,0.0
3713,9.12405
3714,0.57577133
3715,4.8022065
3716,4.019071
3717,2.7990365
3718,0.0
3719,0.0
3720,0.0
3721,0.0
3722,0.0
3723,0.0
3724,0.10805477
3725,15.902821
3726,0.0
3727,0.0
3728,0.0
3729,6.9080095
3730,0.0
3731,0.0
3732,0.0
3733,0.0
3734,0.0
3735,6.734128
3736,0.0
3737,0.0
3738,0.0
3739,0.0
3740,2.9123092
3741,0.0
3742,0.0
3743,0.0
3744,0.0
3745,3.3987858
3746,0.0
3747,0.0
3748,0.0
3749,8.638527
3750,0.0
3751,0.0
3752,0.0
3753,0.0
3754,0.0
3755,0.0
3756,0.0
3757,0.0
3758,0.0
3759,0.0
3760,0.17852627
3761,14.262137
3762,6.2799063
3763,6.239526
3764,0.0
3765,10.198735
3766,0.0
3767,15.558359
3768,3.6533172
3769,0.0
3770,5.6276855
3771,0.0
3772,0.0
3773,0.0
3774,0.0
3775,0.0
3776,0.0
3777,0.0
3778,0.0
3779,0.0
3780,2.2631173
3781,0.0
3782,0.0
3783,0.0
3784,0.0
3785,0.0
3786,3.8781047
3787,0.0
3788,12.983845
3789,0.0
3790,0.0
3791,0.0
3792,20.685314
3793,0.0
3794,0.0
3795,0.0
3796,0.0
3797,0.0
3798,19.171534
3799,0.0
3800,0.9629017
3801,0.0
3802,0.0
3803,0.0
3804,21.07613
3805,0.0
3806,0.0
3807,0.0
3808,8.236564
3809,0.0
3810,0.0
3811,0.0
3812,0.0
3813,0.0
3814,0.0
3815,0.0
3816,7.46772
3817,0.0
3818,8.192468
3819,0.0
3820,0.0
3821,0.0
3822,0.0
3823,0.0
3824,0.0
3825,0.0
3826,12.574869
3827,0.0
3828,5.3972607
3829,0.0
3830,0.0
3831,0.0
3832,0.0
3833,0.0
3834,0.0
3835,0.0
3836,0.0
3837,0.0
3838,0.0
3839,0.0
3840,0.0
3841,0.111807436
3842,0.0
3843,0.0
3844,0.026491331
3845,0.0
3846,0.0
3847,0.0
3848,1.3919421
3849,8.391245
3850,0.0
3851,0.0
3852,8.616983
3853,0.0
3854,8.382609
3855,0.0
3856,2.801875
3857,0.0
3858,0.0
3859,0.0
3860,0.0
3861,0.0
3862,0.14510113
3863,0.0
3864,0.0
3865,0.0
3866,0.0
3867,0.0
3868,0.0
3869,0.0
3870,3.5882356
3871,0.0
3872,0.0
3873,21.602133
3874,0.0
3875,0.0
3876,7.891409
3877,0.0
3878,0.0
3879,0.0
3880,0.0
3881,24.207548
3882,1.1070645
3883,0.0
3884,0.0
3885,0.0
3886,0.0
3887,0.0
3888,0.0
3889,0.0
3890,2.3865354
3891,1.2174125
3892,0.0
3893,0.0
3894,0.0
3895,0.0
3896,0.0
3897,0.0
3898,0.0
3899,1.2338151
3900,11.183812
3901,0.0
3902,0.0
3903,0.0
3904,0.0
3905,14.71799
3906,0.0
3907,0.0
3908,4.6800814
3909,21.539448
3910,0.0
3911,0.0
3912,0.0
3913,0.78023946
3914,0.0
3915,0.0
3916,0.0
3917,0.0
3918,0.0
3919,9.35238
3920,2.4011009
3921,0.0
3922,0.0
3923,0.0
3924,0.0
3925,0.0
3926,12.019701
3927,0.0
3928,0.0
3929,0.0
3930,0.0
3931,0.0
3932,0.0
3933,20.525002
3934,0.0
3935,0.0
3936,0.0
3937,0.0
3938,0.0
3939,0.0
3940,0.0
3941,0.0
3942,0.0
3943,0.731229
3944,0.0
3945,7.4917583
3946,0.0
3947,0.0
3948,0.0
3949,0.0
3950,0.0
3951,0.0
3952,0.0
3953,0.0
3954,0.0
3955,0.0
3956,0.6726973
3957,0.0
3958,0.0
3959,0.0
3960,0.0
3961,0.0
3962,0.0
3963,19.025272
3964,0.0
3965,7.265437
3966,11.392197
3967,0.0
3968,0.0
3969,0.0
3970,0.0
3971,0.0
3972,0.0
3973,4.17193
3974,0.0
3975,0.0
3976,0.0
3977,0.0
3978,0.0
3979,18.538307
3980,0.0
3981,0.0
3982,0.0
3983,3.8770163
3984,0.0
3985,0.0
3986,0.0
3987,0.0
3988,0.0
3989,0.0
3990,0.0
3991,0.0
3992,6.166467
3993,0.0
3994,0.0
3995,0.0
3996,0.0
3997,0.0
3998,15.649125
3999,0.0
4000,0.0
4001,0.0
4002,0.0
4003,0.0
4004,0.0
4005,0.0
4006,0.0
4007,0.0
4008,10.614998
4009,1.6268014
4010,0.0
4011,0.0
4012,0.0
4013,12.205287
4014,0.0
4015,0.0
4016,0.0
4017,0.0
4018,0.0
4019,4.8845897
4020,11.172007
4021,0.0
4022,0.0
4023,0.0
4024,0.0
4025,12.60483
4026,0.0
4027,0.0
4028,9.589172
4029,0.0
4030,0.0
4031,0.0
4032,5.877343
4033,0.0
4034,0.0
4035,0.0
4036,0.0
4037,11.534971
4038,0.0
4039,0.0
4040,9.241351
4041,0.0
4042,0.0
4043,0.0
4044,0.0
4045,14.311134
4046,0.0
4047,0.0
4048,6.1940346
4049,0.0
4050,0.0
4051,0.0
4052,0.0
4053,0.0
4054,0.0
4055,2.026146
4056,0.0
4057,0.0
4058,5.1017857
4059,0.0
4060,14.486761
4061,0.21557608
4062,0.0
4063,6.8001323
4064,0.07299636
4065,0.0
4066,0.0
4067,0.0
4068,0.0
4069,10.750043
4070,23.347235
4071,10.510486
4072,0.0
4073,0.0
4074,0.0
4075,0.0
4076,12.192497
4077,0.0
4078,7.6205196
4079,0.0
4080,6.0801387
4081,0.0
4082,0.0
4083,2.8669338
4084,5.836354
4085,0.0
4086,0.0
4087,0.0
4088,6.2020545
4089,6.0377755
4090,4.8620753
4091,0.0
4092,0.0
4093,0.0
4094,0.0
4095,0.0
